"purchase_pair","purchase_frequency"
"25-79",96
"82-83",93
"63-96",92
"18-75",91
"20-63",91
"22-65",91
"29-72",90
"22-51",89
"49-90",89
"28-51",89
"8-91",88
"7-76",87
"18-89",87
"36-43",87
"13-18",87
"7-95",87
"16-62",87
"79-94",86
"73-78",86
"7-15",86
"10-82",86
"18-94",86
"30-93",86
"14-26",85
"26-29",85
"26-39",85
"5-20",85
"25-93",85
"81-82",84
"25-75",84
"27-49",84
"43-94",84
"25-28",84
"29-97",84
"30-90",84
"24-66",84
"28-75",83
"38-98",83
"4-72",83
"16-20",83
"40-66",83
"30-96",83
"47-89",83
"72-76",83
"15-79",83
"28-66",83
"26-30",83
"25-96",83
"54-66",83
"22-60",83
"7-97",83
"66-96",83
"43-69",82
"8-40",82
"24-33",82
"2-66",82
"81-94",82
"7-99",82
"25-33",82
"5-69",82
"28-50",82
"76-93",82
"13-68",82
"8-27",82
"22-71",82
"80-98",82
"8-25",82
"92-96",82
"60-93",82
"27-59",82
"65-88",82
"28-72",82
"17-29",82
"69-92",81
"80-84",81
"9-14",81
"16-26",81
"18-22",81
"36-60",81
"27-51",81
"43-90",81
"3-67",81
"44-73",81
"7-82",81
"26-96",81
"66-72",81
"10-72",81
"5-65",81
"18-90",81
"24-31",81
"14-100",81
"16-89",81
"66-83",81
"77-83",81
"30-81",81
"35-42",81
"15-67",81
"44-79",81
"60-94",81
"31-44",81
"54-64",81
"5-50",81
"1-26",81
"26-98",81
"26-72",81
"18-98",81
"74-75",81
"5-26",81
"47-65",80
"35-93",80
"75-81",80
"8-50",80
"57-75",80
"4-67",80
"59-96",80
"2-73",80
"40-73",80
"15-57",80
"24-60",80
"75-88",80
"57-94",80
"3-76",80
"63-79",80
"24-83",80
"15-88",80
"82-95",80
"50-65",80
"49-99",80
"28-45",80
"22-81",80
"66-69",80
"49-60",80
"72-99",80
"40-79",80
"83-100",80
"7-63",80
"35-65",80
"30-66",80
"25-31",80
"57-58",80
"41-92",80
"85-93",80
"49-78",80
"66-68",80
"38-55",80
"22-73",80
"2-51",80
"29-43",79
"16-76",79
"69-70",79
"56-78",79
"28-57",79
"2-48",79
"14-27",79
"25-73",79
"24-35",79
"49-73",79
"40-49",79
"72-94",79
"60-82",79
"13-35",79
"52-97",79
"16-86",79
"10-86",79
"51-91",79
"1-90",79
"14-33",79
"2-82",79
"52-94",79
"37-50",79
"12-24",79
"14-49",79
"6-25",79
"23-91",79
"12-91",79
"13-31",79
"13-30",79
"60-85",79
"26-47",79
"22-43",79
"23-51",79
"47-88",79
"17-47",79
"49-95",79
"23-28",79
"52-75",79
"65-66",79
"39-73",79
"23-97",79
"17-68",79
"24-57",79
"58-66",79
"71-94",79
"56-89",78
"56-71",78
"26-52",78
"18-47",78
"29-75",78
"8-72",78
"11-56",78
"53-80",78
"32-82",78
"78-80",78
"67-75",78
"38-90",78
"10-16",78
"56-64",78
"27-69",78
"12-83",78
"31-94",78
"14-76",78
"59-81",78
"34-76",78
"6-13",78
"43-83",78
"3-14",78
"25-88",78
"42-58",78
"8-12",78
"24-95",78
"45-87",78
"15-96",78
"26-59",78
"59-75",78
"63-88",78
"26-38",78
"35-64",78
"51-56",78
"71-79",78
"7-92",78
"5-16",78
"81-87",78
"26-90",78
"1-65",78
"28-70",78
"40-81",78
"30-48",78
"8-26",78
"73-91",78
"37-66",78
"24-69",78
"6-60",78
"24-54",78
"38-68",78
"29-47",78
"27-36",78
"23-90",78
"53-66",78
"2-58",78
"73-77",78
"25-42",77
"12-89",77
"31-79",77
"39-82",77
"42-51",77
"22-36",77
"3-75",77
"39-51",77
"13-38",77
"6-53",77
"7-58",77
"47-53",77
"15-100",77
"29-51",77
"50-76",77
"7-71",77
"12-97",77
"30-39",77
"13-48",77
"26-80",77
"23-95",77
"7-36",77
"41-94",77
"26-73",77
"5-15",77
"13-93",77
"9-57",77
"13-26",77
"8-96",77
"25-48",77
"11-63",77
"31-66",77
"65-97",77
"21-60",77
"26-53",77
"51-71",77
"3-78",77
"16-32",77
"53-67",77
"56-68",77
"1-98",77
"28-42",77
"33-99",77
"16-23",77
"25-30",77
"22-38",77
"21-35",77
"26-34",77
"26-60",77
"74-94",77
"29-66",77
"89-90",76
"54-92",76
"35-84",76
"25-89",76
"24-94",76
"17-55",76
"25-64",76
"2-98",76
"2-62",76
"15-35",76
"26-33",76
"16-74",76
"33-56",76
"8-45",76
"56-76",76
"10-81",76
"38-79",76
"44-72",76
"10-64",76
"58-89",76
"7-9",76
"44-97",76
"14-79",76
"18-39",76
"12-75",76
"13-74",76
"29-44",76
"40-55",76
"11-40",76
"59-95",76
"11-95",76
"24-67",76
"28-80",76
"8-74",76
"40-48",76
"18-48",76
"48-60",76
"13-85",76
"18-79",76
"26-77",76
"66-94",76
"41-52",76
"61-69",76
"42-62",76
"15-30",76
"8-35",76
"16-25",76
"16-71",76
"60-100",76
"22-89",76
"5-22",76
"25-59",76
"34-58",76
"41-51",76
"26-95",76
"77-89",76
"19-27",76
"73-86",76
"5-7",76
"9-72",76
"29-42",76
"23-92",76
"30-33",76
"5-37",76
"1-91",76
"71-100",76
"24-37",76
"48-65",76
"52-83",76
"26-75",76
"36-66",76
"3-37",76
"36-58",76
"11-25",76
"18-87",76
"95-98",76
"5-77",76
"22-93",76
"20-90",76
"32-79",76
"15-74",75
"25-36",75
"72-84",75
"3-90",75
"4-75",75
"33-89",75
"24-79",75
"72-81",75
"39-47",75
"90-99",75
"10-94",75
"16-17",75
"80-94",75
"2-80",75
"15-86",75
"27-33",75
"27-74",75
"48-91",75
"45-88",75
"38-76",75
"10-79",75
"42-72",75
"26-56",75
"24-72",75
"7-17",75
"18-44",75
"13-65",75
"55-82",75
"40-45",75
"22-28",75
"13-28",75
"8-38",75
"43-62",75
"25-54",75
"7-46",75
"42-73",75
"60-74",75
"30-89",75
"26-35",75
"65-77",75
"94-100",75
"35-66",75
"93-97",75
"81-83",75
"11-91",75
"66-71",75
"39-59",75
"34-80",75
"28-96",75
"3-100",75
"60-92",75
"47-72",75
"37-91",75
"65-80",75
"17-72",75
"5-46",75
"45-81",75
"35-54",75
"6-38",75
"22-59",75
"28-29",75
"42-54",75
"28-65",75
"23-33",75
"55-59",75
"7-42",75
"27-96",75
"56-85",75
"53-73",75
"39-89",75
"25-85",75
"42-96",75
"35-87",75
"34-51",75
"6-55",75
"28-59",75
"28-97",75
"25-47",75
"5-27",75
"8-59",75
"22-57",75
"24-98",75
"32-42",75
"16-60",75
"4-54",75
"21-92",75
"15-25",74
"56-65",74
"56-90",74
"52-65",74
"54-59",74
"29-54",74
"29-93",74
"31-53",74
"50-72",74
"18-31",74
"33-79",74
"37-79",74
"32-72",74
"69-82",74
"4-82",74
"9-92",74
"50-68",74
"17-38",74
"17-90",74
"64-75",74
"13-73",74
"49-98",74
"11-65",74
"33-41",74
"18-33",74
"18-74",74
"64-98",74
"9-64",74
"24-92",74
"54-72",74
"86-89",74
"49-86",74
"31-97",74
"52-95",74
"89-97",74
"72-75",74
"6-17",74
"13-22",74
"36-99",74
"23-37",74
"13-95",74
"25-62",74
"9-41",74
"7-91",74
"85-97",74
"44-63",74
"8-85",74
"10-32",74
"26-54",74
"52-80",74
"5-9",74
"19-32",74
"5-79",74
"26-63",74
"66-89",74
"36-80",74
"68-92",74
"10-55",74
"8-73",74
"9-97",74
"8-66",74
"77-82",74
"58-86",74
"8-48",74
"41-75",74
"41-89",74
"27-71",74
"54-81",74
"85-95",74
"66-84",74
"21-93",74
"44-83",74
"29-39",74
"4-59",74
"81-96",74
"29-100",74
"11-72",74
"47-95",74
"20-22",74
"3-73",74
"34-67",74
"30-41",74
"65-81",74
"48-98",74
"15-97",74
"68-90",74
"52-85",74
"60-79",74
"22-92",74
"51-86",74
"69-96",74
"28-52",74
"89-94",74
"5-21",74
"38-41",74
"27-85",74
"57-100",74
"63-99",74
"23-80",74
"23-84",74
"66-86",74
"39-48",74
"23-69",74
"11-73",74
"21-82",74
"33-71",74
"24-50",74
"6-48",73
"8-36",73
"13-81",73
"16-65",73
"53-79",73
"31-76",73
"48-53",73
"53-77",73
"11-80",73
"48-80",73
"90-97",73
"4-68",73
"39-75",73
"16-42",73
"10-80",73
"10-48",73
"22-35",73
"6-56",73
"87-91",73
"39-88",73
"18-78",73
"76-83",73
"38-72",73
"38-40",73
"10-74",73
"16-69",73
"21-49",73
"62-71",73
"57-76",73
"14-95",73
"3-96",73
"14-20",73
"29-31",73
"59-73",73
"40-71",73
"22-27",73
"27-44",73
"25-65",73
"1-8",73
"2-29",73
"16-50",73
"34-73",73
"40-44",73
"4-51",73
"79-97",73
"32-56",73
"26-83",73
"22-23",73
"30-37",73
"25-80",73
"28-62",73
"57-71",73
"7-66",73
"49-54",73
"12-100",73
"32-96",73
"12-23",73
"88-95",73
"50-66",73
"21-55",73
"46-67",73
"32-57",73
"46-73",73
"33-60",73
"42-82",73
"17-79",73
"27-28",73
"57-91",73
"26-31",73
"9-30",73
"8-28",73
"24-71",73
"22-32",73
"43-77",73
"13-80",73
"11-96",73
"22-47",73
"25-71",73
"9-16",73
"4-71",73
"39-49",73
"23-64",73
"54-60",73
"67-79",73
"71-86",73
"27-92",73
"17-20",73
"16-22",73
"20-73",73
"70-99",73
"62-75",73
"30-56",73
"45-74",73
"45-69",73
"30-74",73
"20-98",73
"47-81",73
"68-91",73
"27-100",73
"63-66",73
"56-66",73
"22-25",73
"95-97",73
"42-80",73
"10-25",73
"2-33",73
"23-41",73
"37-76",73
"28-31",73
"42-63",73
"85-96",73
"1-49",73
"9-32",73
"2-65",73
"31-47",73
"3-94",73
"7-86",73
"39-63",73
"45-99",73
"57-66",73
"48-69",73
"59-85",73
"14-32",73
"49-92",73
"32-92",73
"38-77",73
"43-46",73
"15-48",73
"16-95",73
"12-25",73
"5-41",73
"22-26",73
"15-94",73
"64-76",73
"4-94",73
"65-96",72
"3-29",72
"76-77",72
"6-82",72
"53-94",72
"59-69",72
"31-84",72
"75-93",72
"21-90",72
"53-100",72
"59-79",72
"81-90",72
"17-98",72
"9-24",72
"24-48",72
"24-45",72
"24-52",72
"44-84",72
"5-44",72
"18-27",72
"31-73",72
"13-67",72
"64-81",72
"9-17",72
"28-87",72
"8-62",72
"45-62",72
"67-85",72
"63-73",72
"20-69",72
"58-60",72
"54-86",72
"31-38",72
"21-79",72
"27-38",72
"15-72",72
"62-76",72
"91-95",72
"42-44",72
"15-99",72
"38-50",72
"6-29",72
"76-91",72
"16-72",72
"16-85",72
"5-88",72
"25-72",72
"3-25",72
"13-29",72
"31-68",72
"22-94",72
"22-68",72
"8-92",72
"45-92",72
"1-92",72
"45-76",72
"12-16",72
"13-99",72
"95-99",72
"12-14",72
"15-60",72
"24-86",72
"12-30",72
"60-95",72
"18-60",72
"30-60",72
"18-29",72
"29-79",72
"2-71",72
"13-53",72
"5-96",72
"39-96",72
"55-72",72
"42-93",72
"76-80",72
"22-53",72
"47-83",72
"2-42",72
"66-90",72
"53-88",72
"9-26",72
"35-71",72
"92-97",72
"86-93",72
"32-98",72
"25-41",72
"18-20",72
"8-11",72
"8-29",72
"54-78",72
"10-54",72
"78-81",72
"23-44",72
"9-25",72
"60-90",72
"48-63",72
"24-32",72
"29-74",72
"3-21",72
"43-51",72
"92-100",72
"56-96",72
"17-45",72
"3-45",72
"61-78",72
"71-95",72
"38-59",72
"90-96",72
"69-89",72
"73-85",72
"72-73",72
"67-93",72
"1-29",72
"29-46",72
"45-89",72
"30-68",72
"59-62",72
"5-18",72
"35-91",72
"25-77",72
"12-65",72
"18-91",72
"81-92",72
"6-9",72
"47-66",72
"52-79",72
"64-92",72
"19-92",72
"62-65",72
"28-58",72
"29-89",72
"6-68",72
"49-56",72
"25-55",72
"7-10",72
"15-40",72
"93-95",72
"24-93",72
"79-80",72
"11-60",72
"5-49",72
"61-68",72
"26-81",72
"50-59",72
"46-48",72
"48-92",72
"24-25",71
"24-74",71
"52-100",71
"65-90",71
"26-65",71
"8-43",71
"54-63",71
"70-89",71
"18-40",71
"97-100",71
"71-83",71
"28-68",71
"4-28",71
"18-49",71
"49-82",71
"49-59",71
"62-81",71
"38-99",71
"28-54",71
"2-24",71
"14-96",71
"72-96",71
"49-96",71
"13-25",71
"1-24",71
"22-52",71
"1-18",71
"12-74",71
"11-26",71
"55-84",71
"16-18",71
"13-59",71
"13-63",71
"33-87",71
"48-87",71
"33-67",71
"39-45",71
"3-60",71
"57-77",71
"27-63",71
"11-70",71
"11-75",71
"6-71",71
"15-71",71
"9-89",71
"9-99",71
"89-99",71
"20-52",71
"13-49",71
"29-90",71
"6-51",71
"16-93",71
"14-90",71
"28-98",71
"22-34",71
"64-87",71
"13-44",71
"50-96",71
"34-44",71
"31-81",71
"12-99",71
"90-93",71
"11-20",71
"20-23",71
"31-69",71
"25-43",71
"23-43",71
"7-31",71
"41-66",71
"63-89",71
"36-95",71
"26-89",71
"39-79",71
"55-66",71
"6-42",71
"19-21",71
"37-71",71
"52-54",71
"63-91",71
"29-40",71
"26-48",71
"8-75",71
"35-43",71
"2-8",71
"91-92",71
"8-21",71
"77-78",71
"32-73",71
"12-38",71
"2-4",71
"43-79",71
"42-71",71
"5-32",71
"10-47",71
"4-8",71
"14-80",71
"44-77",71
"6-52",71
"22-76",71
"69-91",71
"25-49",71
"40-58",71
"90-95",71
"23-86",71
"25-91",71
"45-93",71
"18-58",71
"58-96",71
"7-44",71
"13-41",71
"35-85",71
"5-60",71
"5-25",71
"71-82",71
"42-65",71
"73-96",71
"17-85",71
"20-49",71
"20-50",71
"3-74",71
"34-66",71
"39-98",71
"51-97",71
"35-41",71
"22-42",71
"33-55",71
"3-24",71
"69-95",71
"41-47",71
"15-18",71
"21-29",71
"47-71",71
"31-90",71
"45-79",71
"21-59",71
"65-94",70
"8-52",70
"81-100",70
"52-86",70
"61-65",70
"61-89",70
"17-25",70
"59-92",70
"63-92",70
"43-59",70
"54-84",70
"31-93",70
"35-82",70
"36-53",70
"47-97",70
"49-100",70
"24-84",70
"69-81",70
"28-39",70
"28-82",70
"27-47",70
"11-47",70
"14-24",70
"9-59",70
"48-96",70
"48-94",70
"41-72",70
"26-27",70
"18-88",70
"66-74",70
"73-98",70
"12-66",70
"5-74",70
"46-86",70
"21-72",70
"39-81",70
"64-100",70
"28-56",70
"33-91",70
"36-45",70
"25-63",70
"25-56",70
"54-85",70
"18-71",70
"19-69",70
"11-23",70
"15-83",70
"61-79",70
"15-33",70
"72-77",70
"77-93",70
"59-90",70
"24-81",70
"73-79",70
"35-98",70
"30-83",70
"3-20",70
"20-25",70
"52-93",70
"36-78",70
"31-57",70
"67-100",70
"44-45",70
"22-40",70
"45-56",70
"32-43",70
"33-80",70
"51-70",70
"28-43",70
"23-24",70
"66-77",70
"12-63",70
"32-60",70
"5-90",70
"33-42",70
"73-80",70
"9-15",70
"48-72",70
"19-55",70
"75-83",70
"47-75",70
"79-90",70
"90-100",70
"46-59",70
"27-34",70
"45-91",70
"53-91",70
"40-91",70
"26-99",70
"9-93",70
"15-63",70
"35-97",70
"60-81",70
"19-50",70
"29-96",70
"8-77",70
"36-41",70
"37-93",70
"12-60",70
"28-49",70
"9-35",70
"24-99",70
"34-49",70
"49-62",70
"75-86",70
"21-43",70
"43-96",70
"14-64",70
"56-99",70
"33-90",70
"75-95",70
"34-38",70
"30-38",70
"23-83",70
"56-81",70
"23-81",70
"5-29",70
"10-67",70
"30-45",70
"23-34",70
"4-50",70
"93-99",70
"37-75",70
"5-67",70
"27-73",70
"29-61",70
"29-60",70
"28-76",70
"40-83",70
"24-77",70
"25-29",70
"57-85",70
"18-93",70
"49-85",70
"42-92",70
"9-37",70
"55-64",70
"60-99",70
"15-29",70
"5-89",70
"27-93",70
"47-77",70
"28-36",70
"60-70",70
"10-39",70
"7-69",70
"35-89",70
"22-95",70
"53-87",70
"1-67",70
"54-95",70
"45-90",70
"73-93",70
"21-73",70
"12-84",70
"71-87",70
"79-92",70
"55-80",70
"15-55",70
"9-82",70
"26-93",70
"74-100",70
"55-70",70
"70-82",69
"82-96",69
"65-71",69
"29-59",69
"43-54",69
"32-75",69
"32-49",69
"17-81",69
"14-75",69
"13-75",69
"70-87",69
"56-77",69
"80-97",69
"11-97",69
"49-89",69
"24-89",69
"62-82",69
"39-56",69
"27-56",69
"27-82",69
"90-98",69
"24-96",69
"10-45",69
"46-55",69
"40-88",69
"35-56",69
"2-49",69
"9-49",69
"12-53",69
"15-46",69
"22-72",69
"22-100",69
"18-32",69
"26-74",69
"15-39",69
"65-100",69
"17-52",69
"48-88",69
"6-91",69
"40-94",69
"27-94",69
"54-71",69
"69-85",69
"58-75",69
"63-83",69
"3-71",69
"18-86",69
"5-53",69
"5-14",69
"7-47",69
"27-53",69
"94-95",69
"11-35",69
"5-12",69
"15-41",69
"52-55",69
"20-95",69
"50-90",69
"50-98",69
"11-68",69
"20-70",69
"20-93",69
"24-61",69
"10-84",69
"14-38",69
"26-78",69
"22-44",69
"26-43",69
"75-80",69
"18-42",69
"32-87",69
"43-44",69
"2-43",69
"35-36",69
"63-68",69
"13-66",69
"44-92",69
"38-84",69
"51-83",69
"61-83",69
"22-88",69
"50-58",69
"65-78",69
"13-62",69
"31-75",69
"43-86",69
"24-28",69
"13-86",69
"15-23",69
"9-77",69
"7-41",69
"7-56",69
"7-54",69
"23-100",69
"56-74",69
"8-30",69
"12-44",69
"74-88",69
"46-74",69
"6-32",69
"51-72",69
"37-60",69
"48-89",69
"19-79",69
"2-26",69
"67-83",69
"21-83",69
"17-94",69
"28-53",69
"53-63",69
"16-83",69
"16-68",69
"8-13",69
"35-81",69
"28-81",69
"87-92",69
"9-86",69
"33-43",69
"33-50",69
"22-33",69
"22-63",69
"41-96",69
"64-78",69
"30-92",69
"21-54",69
"9-54",69
"12-64",69
"50-89",69
"47-98",69
"24-64",69
"3-51",69
"3-80",69
"28-46",69
"43-100",69
"71-73",69
"16-100",69
"19-45",69
"72-88",69
"22-87",69
"38-96",69
"28-32",69
"2-23",69
"71-75",69
"60-76",69
"60-72",69
"17-80",69
"17-77",69
"30-75",69
"65-85",69
"41-73",69
"83-93",69
"60-98",69
"10-63",69
"31-48",69
"14-89",69
"3-7",69
"13-97",69
"5-30",69
"77-98",69
"1-83",69
"31-60",69
"57-59",69
"27-97",69
"42-70",69
"53-96",69
"41-93",69
"20-26",69
"54-73",69
"5-36",69
"63-86",69
"29-38",69
"48-79",69
"26-50",69
"23-57",69
"6-89",69
"3-93",69
"40-99",69
"83-84",69
"44-69",69
"23-76",69
"52-90",69
"7-85",69
"81-85",69
"48-93",69
"63-94",69
"24-97",69
"23-63",69
"63-87",69
"48-52",69
"34-74",69
"26-69",69
"86-92",69
"18-36",69
"72-87",69
"41-95",69
"7-64",69
"26-44",69
"64-68",69
"43-85",69
"35-83",69
"3-48",69
"45-75",69
"25-50",69
"30-69",69
"31-80",69
"26-45",69
"12-88",69
"26-28",69
"76-100",69
"24-36",68
"8-86",68
"77-95",68
"82-84",68
"49-93",68
"49-75",68
"17-75",68
"13-14",68
"16-31",68
"20-100",68
"4-70",68
"9-71",68
"31-49",68
"10-78",68
"24-49",68
"59-100",68
"72-90",68
"57-82",68
"42-45",68
"31-71",68
"2-59",68
"14-94",68
"9-94",68
"39-72",68
"16-55",68
"21-40",68
"18-21",68
"13-64",68
"73-74",68
"66-73",68
"9-19",68
"40-98",68
"5-84",68
"15-80",68
"21-36",68
"22-84",68
"18-26",68
"41-49",68
"26-49",68
"41-97",68
"11-17",68
"48-67",68
"60-62",68
"56-63",68
"71-78",68
"43-72",68
"16-94",68
"10-49",68
"49-81",68
"51-94",68
"35-94",68
"13-24",68
"11-58",68
"38-54",68
"38-49",68
"69-79",68
"51-69",68
"11-13",68
"38-75",68
"13-39",68
"62-83",68
"9-27",68
"53-58",68
"42-56",68
"43-91",68
"82-100",68
"48-50",68
"11-28",68
"50-91",68
"29-91",68
"10-27",68
"7-93",68
"24-73",68
"3-41",68
"54-96",68
"43-76",68
"14-40",68
"17-71",68
"85-88",68
"16-88",68
"12-81",68
"38-64",68
"65-75",68
"2-44",68
"13-55",68
"47-50",68
"1-79",68
"45-100",68
"17-22",68
"1-38",68
"16-97",68
"51-80",68
"83-91",68
"22-58",68
"22-50",68
"23-50",68
"6-95",68
"31-51",68
"2-28",68
"7-23",68
"41-61",68
"1-66",68
"48-66",68
"58-68",68
"74-83",68
"83-88",68
"5-61",68
"45-65",68
"55-65",68
"21-46",68
"87-96",68
"4-15",68
"17-59",68
"33-92",68
"26-76",68
"37-41",68
"47-59",68
"15-90",68
"21-75",68
"29-86",68
"2-75",68
"36-75",68
"28-34",68
"4-63",68
"83-92",68
"8-9",68
"17-35",68
"35-77",68
"30-64",68
"15-85",68
"84-95",68
"48-49",68
"60-64",68
"51-64",68
"51-54",68
"3-56",68
"4-21",68
"18-51",68
"46-92",68
"75-100",68
"42-43",68
"62-100",68
"1-20",68
"64-77",68
"61-88",68
"64-72",68
"8-23",68
"8-70",68
"58-98",68
"7-59",68
"7-79",68
"38-42",68
"32-41",68
"37-85",68
"16-48",68
"6-35",68
"18-73",68
"37-99",68
"2-47",68
"32-66",68
"22-46",68
"16-59",68
"29-33",68
"58-72",68
"8-15",68
"4-11",68
"25-83",68
"51-62",68
"75-85",68
"39-90",68
"11-33",68
"60-66",68
"31-85",68
"55-86",68
"83-97",68
"3-30",68
"24-80",68
"9-50",68
"28-55",68
"40-65",68
"90-92",68
"42-50",68
"23-66",68
"7-94",68
"38-88",68
"5-47",68
"6-21",68
"5-23",68
"67-95",68
"62-63",68
"10-66",68
"41-87",68
"8-16",68
"64-97",68
"31-64",68
"47-94",68
"42-94",68
"35-62",68
"52-69",68
"38-91",68
"33-54",68
"67-70",68
"10-71",68
"61-98",68
"5-83",68
"20-97",68
"3-85",68
"47-49",68
"16-75",68
"43-45",68
"55-90",68
"61-76",68
"80-93",68
"17-62",68
"22-29",68
"56-70",68
"21-70",68
"22-82",68
"48-58",68
"15-24",67
"17-42",67
"18-43",67
"59-63",67
"54-80",67
"31-82",67
"14-17",67
"21-74",67
"11-48",67
"56-100",67
"72-82",67
"62-70",67
"80-88",67
"56-88",67
"56-82",67
"11-27",67
"31-70",67
"70-71",67
"57-86",67
"10-24",67
"48-59",67
"14-48",67
"9-96",67
"14-46",67
"16-46",67
"7-18",67
"22-24",67
"9-40",67
"12-40",67
"19-49",67
"30-94",67
"10-26",67
"36-72",67
"28-88",67
"39-60",67
"38-63",67
"73-76",67
"20-85",67
"58-88",67
"28-30",67
"46-56",67
"54-56",67
"18-38",67
"38-74",67
"13-27",67
"44-53",67
"9-79",67
"12-35",67
"42-84",67
"20-76",67
"95-96",67
"55-96",67
"50-88",67
"27-31",67
"20-72",67
"72-93",67
"57-96",67
"1-54",67
"72-91",67
"17-30",67
"14-71",67
"64-80",67
"50-64",67
"65-67",67
"3-65",67
"4-78",67
"4-55",67
"34-94",67
"34-52",67
"13-32",67
"68-94",67
"17-66",67
"39-66",67
"1-84",67
"36-57",67
"22-37",67
"19-95",67
"33-45",67
"75-98",67
"70-79",67
"60-84",67
"36-71",67
"41-48",67
"7-8",67
"32-100",67
"53-74",67
"63-97",67
"30-63",67
"8-63",67
"7-83",67
"30-78",67
"31-87",67
"41-50",67
"21-65",67
"46-80",67
"17-63",67
"35-63",67
"46-100",67
"46-93",67
"37-53",67
"52-58",67
"26-58",67
"10-42",67
"10-62",67
"28-63",67
"4-91",67
"38-71",67
"5-93",67
"63-98",67
"50-81",67
"36-63",67
"4-93",67
"76-82",67
"8-14",67
"14-54",67
"35-45",67
"23-47",67
"74-93",67
"24-78",67
"59-71",67
"21-56",67
"38-66",67
"62-87",67
"34-98",67
"49-80",67
"43-73",67
"62-92",67
"3-10",67
"72-95",67
"20-28",67
"74-89",67
"64-88",67
"14-72",67
"20-38",67
"16-87",67
"22-70",67
"75-87",67
"32-68",67
"65-68",67
"44-81",67
"26-42",67
"34-65",67
"2-39",67
"30-65",67
"48-81",67
"39-68",67
"4-32",67
"46-52",67
"18-96",67
"5-75",67
"2-35",67
"57-89",67
"18-30",67
"36-37",67
"18-57",67
"85-99",67
"33-78",67
"28-37",67
"66-67",67
"37-62",67
"96-99",67
"30-76",67
"37-90",67
"47-85",67
"32-48",67
"30-53",67
"5-8",67
"3-33",67
"4-100",67
"88-94",67
"30-43",67
"57-83",67
"7-78",67
"58-100",67
"19-90",67
"39-58",67
"12-13",67
"20-43",67
"3-40",67
"35-40",67
"34-97",67
"9-46",67
"59-93",67
"80-95",67
"84-87",67
"1-28",67
"1-27",67
"43-74",67
"73-84",67
"2-7",67
"58-82",67
"15-17",67
"36-67",67
"25-34",67
"27-37",67
"7-39",67
"42-64",67
"24-40",67
"38-60",67
"25-92",67
"26-97",67
"9-44",67
"23-71",67
"64-93",67
"8-55",67
"18-64",67
"79-83",67
"71-80",67
"21-26",67
"68-70",67
"71-90",66
"43-65",66
"53-86",66
"63-69",66
"92-93",66
"29-49",66
"13-82",66
"70-81",66
"40-100",66
"34-100",66
"70-97",66
"4-18",66
"10-91",66
"24-100",66
"32-74",66
"69-90",66
"4-39",66
"11-39",66
"10-59",66
"2-96",66
"27-46",66
"20-44",66
"2-72",66
"74-84",66
"35-80",66
"96-100",66
"72-100",66
"21-96",66
"22-96",66
"16-41",66
"26-41",66
"15-81",66
"17-100",66
"17-65",66
"56-91",66
"50-94",66
"27-72",66
"8-46",66
"45-60",66
"23-67",66
"20-71",66
"43-71",66
"3-69",66
"13-92",66
"1-97",66
"1-76",66
"18-54",66
"31-72",66
"5-72",66
"47-58",66
"7-89",66
"62-97",66
"31-61",66
"51-88",66
"54-57",66
"10-17",66
"18-80",66
"39-80",66
"75-97",66
"5-76",66
"11-34",66
"42-74",66
"13-20",66
"13-72",66
"55-88",66
"4-34",66
"34-55",66
"78-93",66
"57-79",66
"51-73",66
"6-22",66
"38-92",66
"38-45",66
"36-42",66
"42-97",66
"12-57",66
"23-31",66
"30-50",66
"6-58",66
"79-88",66
"15-56",66
"15-54",66
"58-73",66
"53-60",66
"32-85",66
"30-32",66
"40-60",66
"35-95",66
"68-88",66
"2-46",66
"46-65",66
"12-95",66
"15-51",66
"9-51",66
"47-79",66
"21-87",66
"6-26",66
"53-71",66
"25-61",66
"33-75",66
"2-90",66
"27-91",66
"19-30",66
"30-99",66
"13-91",66
"28-71",66
"73-92",66
"23-72",66
"35-76",66
"75-89",66
"8-41",66
"21-77",66
"21-81",66
"3-36",66
"18-66",66
"48-90",66
"38-65",66
"4-29",66
"49-53",66
"12-51",66
"8-51",66
"51-53",66
"42-61",66
"2-16",66
"6-24",66
"50-83",66
"34-96",66
"51-67",66
"58-71",66
"58-77",66
"87-100",66
"93-96",66
"67-84",66
"47-96",66
"20-89",66
"17-53",66
"38-100",66
"35-86",66
"64-96",66
"29-37",66
"23-70",66
"20-29",66
"13-34",66
"6-59",66
"6-79",66
"11-15",66
"37-72",66
"10-34",66
"34-59",66
"34-70",66
"87-99",66
"4-49",66
"7-68",66
"3-68",66
"65-84",66
"64-91",66
"28-90",66
"52-62",66
"12-67",66
"20-27",66
"5-91",66
"14-22",66
"25-69",66
"3-79",66
"7-38",66
"26-32",66
"60-71",66
"20-39",66
"60-89",66
"18-77",66
"22-49",66
"12-28",66
"11-43",66
"27-40",66
"9-60",66
"29-67",66
"41-63",66
"22-80",66
"5-66",66
"35-70",66
"72-79",66
"46-77",66
"14-99",66
"40-47",66
"55-98",66
"27-50",66
"11-32",66
"50-56",66
"14-18",66
"62-79",66
"23-89",66
"7-75",66
"47-91",66
"42-53",66
"17-88",66
"30-47",66
"11-98",66
"39-65",66
"7-32",66
"18-100",66
"69-76",66
"12-59",66
"47-84",66
"21-41",66
"28-84",66
"44-96",66
"33-77",66
"31-55",66
"65-95",66
"7-98",66
"23-75",66
"25-86",66
"1-14",66
"77-79",66
"2-15",66
"25-51",66
"34-82",66
"38-94",66
"10-15",66
"14-85",66
"54-94",66
"28-93",66
"49-51",66
"11-79",66
"64-74",66
"27-57",66
"2-3",66
"74-80",66
"39-77",66
"15-36",65
"4-27",65
"36-52",65
"71-89",65
"6-65",65
"18-65",65
"43-82",65
"86-94",65
"54-69",65
"43-63",65
"35-92",65
"13-70",65
"70-78",65
"42-100",65
"18-84",65
"11-77",65
"53-97",65
"47-70",65
"9-83",65
"79-84",65
"49-84",65
"37-42",65
"62-72",65
"62-74",65
"25-37",65
"37-89",65
"5-82",65
"17-27",65
"17-26",65
"22-56",65
"2-12",65
"9-12",65
"49-66",65
"62-80",65
"12-21",65
"5-55",65
"30-100",65
"18-41",65
"16-49",65
"41-81",65
"28-48",65
"28-33",65
"38-73",65
"67-69",65
"69-75",65
"77-81",65
"10-77",65
"61-77",65
"27-76",65
"92-94",65
"13-51",65
"76-97",65
"52-76",65
"71-76",65
"3-52",65
"54-89",65
"16-21",65
"10-21",65
"11-51",65
"19-72",65
"12-62",65
"31-91",65
"14-31",65
"15-82",65
"50-74",65
"29-98",65
"6-76",65
"27-29",65
"11-29",65
"7-77",65
"44-56",65
"13-42",65
"40-70",65
"8-32",65
"1-32",65
"13-43",65
"44-48",65
"55-87",65
"36-94",65
"13-89",65
"1-51",65
"40-67",65
"40-97",65
"56-95",65
"12-42",65
"69-99",65
"57-99",65
"16-99",65
"26-61",65
"26-91",65
"31-50",65
"58-65",65
"11-99",65
"62-95",65
"70-88",65
"51-79",65
"2-89",65
"54-88",65
"46-50",65
"30-97",65
"32-44",65
"8-95",65
"36-83",65
"10-60",65
"33-35",65
"17-69",65
"45-50",65
"19-31",65
"59-70",65
"14-25",65
"14-60",65
"47-67",65
"39-83",65
"50-79",65
"2-79",65
"66-79",65
"2-100",65
"2-50",65
"4-45",65
"10-83",65
"23-35",65
"35-55",65
"43-97",65
"12-82",65
"75-96",65
"67-81",65
"20-60",65
"13-50",65
"30-82",65
"25-45",65
"1-21",65
"64-90",65
"60-63",65
"49-64",65
"46-89",65
"5-97",65
"3-8",65
"51-60",65
"3-54",65
"68-100",65
"34-68",65
"21-28",65
"45-73",65
"57-88",65
"83-99",65
"17-87",65
"2-22",65
"25-40",65
"2-56",65
"42-52",65
"34-99",65
"13-77",65
"30-77",65
"20-32",65
"14-56",65
"88-92",65
"9-75",65
"39-93",65
"73-94",65
"35-90",65
"15-69",65
"25-32",65
"82-89",65
"15-44",65
"34-85",65
"20-46",65
"62-96",65
"35-74",65
"35-73",65
"6-20",65
"5-52",65
"85-91",65
"86-90",65
"30-86",65
"22-79",65
"38-70",65
"81-84",65
"50-60",65
"42-98",65
"89-95",65
"57-95",65
"52-77",65
"16-30",65
"44-91",65
"23-78",65
"15-78",65
"59-64",65
"23-27",65
"7-37",65
"37-44",65
"66-97",65
"76-85",65
"8-34",65
"32-40",65
"82-85",65
"41-82",65
"10-33",65
"25-94",65
"19-63",65
"33-70",65
"69-100",65
"27-62",65
"10-89",65
"10-99",65
"52-53",65
"23-52",65
"22-75",65
"9-81",65
"68-87",65
"72-98",65
"49-72",65
"11-49",65
"62-66",65
"23-36",65
"37-94",65
"38-47",65
"8-69",65
"15-42",65
"39-55",65
"71-99",65
"58-91",65
"1-58",65
"74-99",65
"39-92",65
"47-74",65
"3-44",65
"76-87",65
"7-62",65
"23-39",65
"57-65",65
"3-26",65
"14-23",65
"38-62",65
"8-68",65
"21-24",65
"16-28",65
"19-25",65
"7-11",65
"55-79",65
"66-82",65
"30-51",65
"17-44",65
"53-81",65
"65-82",64
"82-94",64
"36-81",64
"8-100",64
"81-86",64
"29-63",64
"14-70",64
"65-76",64
"40-50",64
"53-84",64
"48-77",64
"84-100",64
"36-84",64
"46-69",64
"10-68",64
"2-14",64
"2-10",64
"26-55",64
"21-76",64
"64-73",64
"24-56",64
"9-73",64
"66-98",64
"62-94",64
"72-80",64
"30-72",64
"44-74",64
"16-33",64
"57-64",64
"41-98",64
"52-64",64
"36-82",64
"24-82",64
"25-38",64
"56-73",64
"35-69",64
"57-61",64
"11-71",64
"31-86",64
"72-86",64
"49-69",64
"21-38",64
"74-79",64
"11-69",64
"51-75",64
"12-71",64
"12-72",64
"14-63",64
"29-45",64
"7-27",64
"58-99",64
"27-99",64
"79-95",64
"31-95",64
"56-59",64
"91-99",64
"99-100",64
"52-96",64
"29-50",64
"6-98",64
"51-98",64
"7-72",64
"7-14",64
"12-80",64
"12-94",64
"12-93",64
"34-36",64
"51-52",64
"1-94",64
"22-48",64
"6-40",64
"13-40",64
"22-66",64
"76-84",64
"42-69",64
"58-78",64
"25-82",64
"45-66",64
"14-83",64
"12-58",64
"31-98",64
"2-86",64
"68-89",64
"6-80",64
"54-62",64
"34-46",64
"7-48",64
"30-55",64
"7-22",64
"32-63",64
"1-62",64
"44-60",64
"15-26",64
"23-68",64
"26-67",64
"66-80",64
"52-66",64
"5-17",64
"4-88",64
"32-53",64
"13-76",64
"51-96",64
"9-87",64
"60-97",64
"3-63",64
"55-89",64
"38-67",64
"47-60",64
"14-47",64
"60-83",64
"2-17",64
"80-86",64
"1-72",64
"46-98",64
"34-53",64
"10-92",64
"17-58",64
"81-97",64
"66-75",64
"15-50",64
"50-63",64
"55-77",64
"2-25",64
"41-67",64
"29-71",64
"20-83",64
"2-60",64
"2-21",64
"25-53",64
"45-72",64
"25-35",64
"1-25",64
"1-16",64
"1-93",64
"44-90",64
"44-49",64
"48-83",64
"46-47",64
"19-82",64
"59-74",64
"23-26",64
"28-100",64
"43-75",64
"37-40",64
"78-83",64
"42-86",64
"17-74",64
"28-61",64
"19-86",64
"31-43",64
"5-33",64
"22-90",64
"41-62",64
"30-34",64
"20-68",64
"68-85",64
"32-37",64
"23-56",64
"29-65",64
"17-18",64
"45-68",64
"14-41",64
"8-33",64
"47-93",64
"34-37",64
"81-91",64
"1-40",64
"39-52",64
"31-59",64
"16-29",64
"5-95",64
"73-95",64
"79-99",64
"25-27",64
"4-25",64
"29-77",64
"3-42",64
"42-83",64
"58-85",64
"20-91",64
"33-82",64
"13-21",64
"60-96",64
"18-23",64
"50-85",64
"54-82",64
"1-50",64
"32-55",64
"16-82",64
"48-54",64
"20-86",64
"39-76",64
"22-85",64
"7-52",64
"46-96",64
"5-80",64
"41-83",64
"16-78",64
"36-54",64
"32-38",64
"44-70",64
"32-58",64
"25-46",64
"37-46",64
"22-62",64
"29-58",64
"23-40",64
"12-20",64
"13-52",64
"40-63",64
"7-45",64
"55-75",64
"10-56",64
"10-75",64
"3-86",64
"58-94",64
"33-44",64
"37-69",64
"13-33",64
"64-94",64
"42-60",64
"60-68",64
"26-82",64
"11-94",64
"19-51",64
"39-54",64
"25-97",64
"43-53",64
"55-99",64
"33-52",64
"33-68",64
"16-84",64
"1-39",64
"10-18",64
"64-70",64
"20-34",64
"1-30",64
"16-37",64
"92-99",64
"23-74",64
"15-49",64
"35-79",64
"15-76",64
"79-81",64
"21-39",64
"39-50",64
"47-80",64
"61-63",64
"42-55",64
"47-82",63
"29-69",63
"80-92",63
"63-80",63
"84-93",63
"11-89",63
"17-82",63
"36-65",63
"76-79",63
"36-76",63
"31-36",63
"16-36",63
"77-80",63
"84-97",63
"3-47",63
"18-68",63
"89-100",63
"82-90",63
"28-67",63
"50-80",63
"26-46",63
"7-88",63
"56-58",63
"16-58",63
"9-74",63
"9-66",63
"22-30",63
"11-41",63
"61-70",63
"33-48",63
"2-27",63
"60-88",63
"62-88",63
"39-62",63
"13-36",63
"38-56",63
"69-71",63
"46-71",63
"35-75",63
"35-88",63
"19-35",63
"71-97",63
"72-89",63
"38-51",63
"12-15",63
"5-63",63
"27-58",63
"7-53",63
"20-92",63
"65-99",63
"29-78",63
"91-98",63
"29-68",63
"20-77",63
"7-16",63
"1-73",63
"10-43",63
"26-36",63
"37-74",63
"1-87",63
"32-80",63
"2-13",63
"29-82",63
"55-73",63
"68-79",63
"52-73",63
"32-36",63
"48-68",63
"51-68",63
"44-100",63
"44-98",63
"6-11",63
"17-28",63
"22-39",63
"6-66",63
"11-66",63
"19-97",63
"26-51",63
"37-58",63
"10-58",63
"31-58",63
"64-69",63
"75-79",63
"38-93",63
"43-89",63
"7-50",63
"34-57",63
"41-77",63
"7-49",63
"13-58",63
"8-89",63
"44-85",63
"74-95",63
"8-83",63
"28-60",63
"32-78",63
"10-85",63
"49-70",63
"71-91",63
"5-39",63
"79-96",63
"73-89",63
"6-93",63
"50-53",63
"26-70",63
"15-21",63
"60-67",63
"33-39",63
"50-100",63
"66-100",63
"4-53",63
"55-83",63
"16-92",63
"55-68",63
"36-68",63
"31-99",63
"26-57",63
"87-97",63
"32-50",63
"43-50",63
"12-55",63
"4-43",63
"4-35",63
"53-98",63
"48-75",63
"5-56",63
"20-81",63
"2-20",63
"54-77",63
"14-77",63
"14-78",63
"15-95",63
"60-73",63
"65-98",63
"38-97",63
"5-38",63
"23-38",63
"21-80",63
"16-91",63
"6-99",63
"37-67",63
"62-93",63
"60-87",63
"3-82",63
"17-89",63
"13-45",63
"3-38",63
"19-64",63
"14-29",63
"14-57",63
"52-61",63
"20-35",63
"80-96",63
"32-88",63
"32-46",63
"38-95",63
"40-59",63
"7-87",63
"17-19",63
"13-56",63
"41-85",63
"81-93",63
"29-81",63
"5-81",63
"1-5",63
"10-53",63
"87-95",63
"50-95",63
"77-87",63
"49-87",63
"28-77",63
"73-88",63
"21-71",63
"57-93",63
"68-77",63
"40-62",63
"66-81",63
"54-90",63
"27-32",63
"25-66",63
"44-68",63
"68-82",63
"59-88",63
"52-68",63
"17-67",63
"67-94",63
"17-34",63
"42-76",63
"6-75",63
"21-99",63
"21-98",63
"3-66",63
"46-79",63
"12-27",63
"18-46",63
"23-48",63
"32-94",63
"40-96",63
"14-74",63
"42-81",63
"19-84",63
"3-27",63
"13-83",63
"50-93",63
"9-21",63
"41-91",63
"80-89",63
"79-93",63
"27-52",63
"41-88",63
"14-87",63
"13-47",63
"55-58",63
"12-47",63
"40-69",63
"3-81",63
"59-65",63
"4-65",63
"66-91",63
"9-13",63
"17-96",63
"10-51",63
"45-47",63
"6-30",63
"49-97",63
"6-34",63
"88-97",63
"49-91",63
"25-52",63
"22-69",63
"15-45",63
"15-66",63
"49-55",63
"18-63",63
"25-26",63
"94-98",63
"73-99",63
"19-33",63
"36-38",63
"52-84",63
"11-45",63
"42-85",63
"2-92",63
"34-47",63
"39-85",63
"52-82",63
"27-60",63
"57-70",63
"41-43",63
"12-54",63
"55-71",63
"28-64",63
"64-95",63
"55-100",63
"40-41",63
"26-79",63
"9-95",63
"5-57",63
"46-64",63
"16-34",63
"16-67",63
"5-28",63
"8-19",63
"68-98",63
"1-69",63
"50-82",63
"1-2",63
"35-61",63
"4-81",62
"8-47",62
"18-82",62
"82-93",62
"31-35",62
"16-79",62
"56-80",62
"56-97",62
"70-90",62
"68-75",62
"33-49",62
"62-69",62
"74-81",62
"69-74",62
"56-86",62
"11-82",62
"27-39",62
"98-99",62
"10-96",62
"45-96",62
"10-14",62
"9-45",62
"2-94",62
"7-40",62
"18-76",62
"18-24",62
"2-74",62
"19-74",62
"12-73",62
"74-98",62
"30-80",62
"55-74",62
"36-96",62
"57-81",62
"63-67",62
"41-57",62
"9-52",62
"36-46",62
"36-88",62
"8-24",62
"23-85",62
"20-54",62
"3-88",62
"58-69",62
"16-57",62
"16-81",62
"46-83",62
"51-92",62
"1-11",62
"6-62",62
"72-83",62
"15-22",62
"10-29",62
"47-99",62
"44-57",62
"20-94",62
"59-72",62
"5-35",62
"91-100",62
"28-38",62
"88-90",62
"6-50",62
"90-91",62
"10-31",62
"73-81",62
"73-82",62
"15-38",62
"14-73",62
"11-22",62
"40-43",62
"26-40",62
"30-31",62
"30-73",62
"73-83",62
"31-83",62
"45-58",62
"67-72",62
"20-75",62
"25-67",62
"2-55",62
"29-55",62
"16-47",62
"73-87",62
"34-93",62
"1-31",62
"45-98",62
"67-98",62
"45-84",62
"32-59",62
"42-57",62
"49-88",62
"33-83",62
"80-91",62
"22-31",62
"31-88",62
"11-30",62
"41-65",62
"8-90",62
"8-93",62
"11-62",62
"49-83",62
"14-58",62
"3-92",62
"3-34",62
"43-67",62
"43-68",62
"24-43",62
"56-62",62
"7-24",62
"7-57",62
"34-71",62
"22-91",62
"91-96",62
"56-69",62
"30-44",62
"4-60",62
"17-61",62
"50-67",62
"55-67",62
"19-76",62
"13-19",62
"2-32",62
"6-57",62
"2-31",62
"63-75",62
"42-88",62
"67-73",62
"52-59",62
"14-21",62
"90-94",62
"59-87",62
"63-71",62
"55-92",62
"30-91",62
"29-36",62
"15-52",62
"22-97",62
"35-72",62
"15-98",62
"32-33",62
"61-67",62
"18-67",62
"8-10",62
"16-80",62
"9-88",62
"21-37",62
"48-73",62
"24-29",62
"53-83",62
"68-96",62
"86-96",62
"86-98",62
"40-51",62
"37-51",62
"3-6",62
"71-93",62
"55-63",62
"1-47",62
"1-95",62
"17-56",62
"10-73",62
"73-100",62
"12-29",62
"29-52",62
"51-57",62
"52-72",62
"17-32",62
"36-90",62
"19-80",62
"37-65",62
"72-85",62
"51-85",62
"50-99",62
"67-90",62
"48-62",62
"47-57",62
"42-95",62
"37-100",62
"30-54",62
"54-65",62
"62-68",62
"74-97",62
"68-74",62
"32-39",62
"48-85",62
"58-84",62
"29-62",62
"2-63",62
"43-58",62
"72-97",62
"23-29",62
"37-83",62
"52-60",62
"25-68",62
"18-85",62
"38-85",62
"25-84",62
"62-91",62
"55-69",62
"69-94",62
"34-64",62
"23-61",62
"6-84",62
"10-76",62
"77-85",62
"33-65",62
"33-86",62
"5-100",62
"5-13",62
"36-47",62
"7-12",62
"24-65",62
"6-94",62
"47-100",62
"27-70",62
"65-74",62
"1-100",62
"27-43",62
"37-96",62
"63-93",62
"5-58",62
"6-49",62
"21-63",62
"45-52",62
"33-37",62
"53-92",62
"4-10",62
"11-36",62
"31-74",62
"33-57",62
"28-69",62
"94-99",62
"23-65",62
"49-65",62
"55-85",62
"77-90",62
"29-85",62
"31-96",62
"5-31",62
"20-30",62
"12-92",62
"43-87",62
"3-46",62
"33-46",62
"34-60",62
"15-70",62
"4-37",62
"9-28",62
"11-64",62
"51-93",62
"43-49",62
"66-92",62
"80-90",62
"71-98",62
"21-89",62
"68-76",62
"5-42",62
"39-43",62
"89-91",62
"45-49",62
"64-66",62
"39-64",62
"39-91",62
"29-92",61
"43-80",61
"63-84",61
"13-17",61
"14-82",61
"75-82",61
"40-42",61
"21-34",61
"11-84",61
"48-97",61
"13-15",61
"47-69",61
"59-89",61
"70-74",61
"72-74",61
"8-56",61
"8-80",61
"4-57",61
"70-92",61
"68-80",61
"25-81",61
"45-48",61
"59-94",61
"84-96",61
"14-16",61
"14-55",61
"17-46",61
"20-58",61
"1-22",61
"49-74",61
"12-61",61
"27-35",61
"27-41",61
"41-74",61
"17-41",61
"81-98",61
"67-91",61
"45-46",61
"24-62",61
"25-76",61
"20-67",61
"54-67",61
"60-75",61
"69-88",61
"61-94",61
"61-81",61
"27-54",61
"3-11",61
"11-76",61
"40-86",61
"31-89",61
"40-89",61
"69-86",61
"19-62",61
"19-44",61
"6-12",61
"15-62",61
"46-72",61
"45-64",61
"53-99",61
"44-76",61
"79-91",61
"19-56",61
"42-59",61
"53-95",61
"5-11",61
"82-91",61
"14-52",61
"20-96",61
"11-50",61
"35-68",61
"16-70",61
"1-82",61
"10-90",61
"15-28",61
"28-73",61
"28-79",61
"22-61",61
"17-36",61
"25-60",61
"65-72",61
"20-65",61
"4-73",61
"34-78",61
"12-36",61
"6-39",61
"17-39",61
"39-40",61
"56-92",61
"97-99",61
"19-57",61
"81-88",61
"11-31",61
"10-88",61
"3-18",61
"45-85",61
"62-84",61
"2-68",61
"28-89",61
"50-71",61
"31-46",61
"48-61",61
"1-77",61
"12-32",61
"48-95",61
"10-44",61
"13-78",61
"60-78",61
"29-87",61
"71-74",61
"46-91",61
"57-72",61
"2-57",61
"4-9",61
"15-87",61
"51-87",61
"39-87",61
"13-46",61
"93-100",61
"22-41",61
"29-83",61
"1-42",61
"1-10",61
"46-75",61
"2-36",61
"24-38",61
"38-81",61
"43-98",61
"33-81",61
"12-77",61
"4-77",61
"8-61",61
"10-97",61
"34-69",61
"18-81",61
"55-81",61
"71-84",61
"52-74",61
"4-42",61
"83-98",61
"34-83",61
"34-75",61
"8-37",61
"71-77",61
"9-67",61
"2-70",61
"53-75",61
"20-78",61
"42-78",61
"40-56",61
"32-65",61
"37-68",61
"65-73",61
"46-81",61
"65-93",61
"16-98",61
"50-77",61
"57-92",61
"3-43",61
"62-89",61
"30-35",61
"15-68",61
"68-97",61
"34-48",61
"70-84",61
"6-14",61
"16-43",61
"5-73",61
"7-81",61
"42-77",61
"1-60",61
"44-66",61
"46-49",61
"37-45",61
"60-91",61
"36-51",61
"78-82",61
"55-94",61
"35-44",61
"41-45",61
"18-61",61
"61-93",61
"9-76",61
"37-86",61
"17-91",61
"26-85",61
"14-36",61
"39-84",61
"76-89",61
"3-9",61
"41-59",61
"4-89",61
"15-37",61
"3-50",61
"37-54",61
"78-96",61
"25-100",61
"47-68",61
"85-92",61
"20-24",61
"40-77",61
"51-84",61
"49-76",61
"76-81",61
"47-48",61
"24-63",61
"48-86",61
"78-86",61
"78-95",61
"57-80",61
"66-78",61
"34-54",61
"58-79",61
"41-100",61
"67-92",61
"23-25",61
"17-84",61
"19-43",61
"3-61",61
"61-86",61
"19-46",61
"25-78",61
"24-34",61
"24-41",61
"86-97",61
"5-64",61
"14-53",61
"29-95",61
"5-78",61
"56-79",61
"68-99",61
"41-46",61
"20-80",61
"52-63",61
"42-49",61
"21-85",61
"48-99",61
"54-68",61
"41-90",61
"22-55",61
"45-71",61
"2-38",61
"51-59",61
"3-22",61
"61-99",61
"34-41",61
"57-84",61
"51-55",61
"86-91",61
"21-48",60
"70-83",60
"8-82",60
"8-18",60
"6-43",60
"43-92",60
"31-65",60
"53-65",60
"20-40",60
"48-84",60
"48-56",60
"3-70",60
"18-28",60
"79-89",60
"49-79",60
"69-72",60
"8-88",60
"39-86",60
"14-59",60
"16-24",60
"24-27",60
"4-20",60
"1-52",60
"12-98",60
"2-30",60
"30-84",60
"21-30",60
"33-74",60
"9-55",60
"59-67",60
"56-87",60
"6-33",60
"33-88",60
"28-91",60
"46-88",60
"1-13",60
"63-76",60
"67-71",60
"56-83",60
"27-83",60
"24-51",60
"38-69",60
"5-62",60
"19-59",60
"38-48",60
"63-74",60
"51-78",60
"29-35",60
"7-20",60
"70-77",60
"73-90",60
"30-71",60
"44-61",60
"18-59",60
"17-43",60
"30-70",60
"2-88",60
"43-88",60
"44-78",60
"40-78",60
"34-87",60
"36-93",60
"57-63",60
"31-63",60
"97-98",60
"28-40",60
"32-95",60
"32-83",60
"10-30",60
"30-58",60
"6-81",60
"58-81",60
"13-23",60
"33-85",60
"62-86",60
"8-54",60
"23-32",60
"15-89",60
"41-80",60
"2-91",60
"74-91",60
"50-55",60
"2-76",60
"13-100",60
"3-77",60
"41-71",60
"83-87",60
"34-45",60
"30-57",60
"52-57",60
"37-80",60
"35-38",60
"8-17",60
"61-75",60
"18-83",60
"2-83",60
"11-21",60
"21-78",60
"45-80",60
"1-70",60
"1-88",60
"37-52",60
"12-90",60
"49-63",60
"89-98",60
"19-38",60
"9-38",60
"29-99",60
"14-86",60
"3-12",60
"3-83",60
"10-87",60
"20-61",60
"16-73",60
"13-16",60
"14-88",60
"8-99",60
"58-93",60
"7-96",60
"21-31",60
"31-67",60
"15-75",60
"40-46",60
"68-72",60
"44-46",60
"1-85",60
"36-73",60
"59-66",60
"31-78",60
"6-16",60
"46-58",60
"78-97",60
"42-90",60
"1-99",60
"21-66",60
"9-11",60
"66-76",60
"44-80",60
"37-57",60
"4-24",60
"46-99",60
"7-28",60
"35-37",60
"74-96",60
"14-97",60
"41-42",60
"23-42",60
"67-76",60
"55-62",60
"2-34",60
"59-91",60
"22-67",60
"32-54",60
"5-94",60
"14-93",60
"36-77",60
"55-57",60
"19-83",60
"20-33",60
"19-71",60
"7-65",60
"66-95",60
"27-68",60
"7-73",60
"6-45",60
"64-99",60
"23-94",60
"6-97",60
"2-69",60
"37-87",60
"66-87",60
"7-67",60
"89-92",60
"64-71",60
"40-64",60
"23-49",60
"69-93",60
"10-12",60
"33-64",60
"11-19",60
"8-42",60
"59-76",60
"55-61",60
"21-58",60
"61-100",60
"11-18",60
"17-57",60
"33-94",60
"40-92",60
"46-95",60
"4-80",60
"8-57",60
"26-68",60
"64-67",60
"7-100",60
"40-68",60
"69-78",60
"47-78",60
"16-64",60
"61-85",60
"4-33",60
"70-80",60
"46-90",60
"37-63",60
"17-49",60
"74-85",60
"80-81",60
"87-93",60
"44-50",60
"34-89",60
"7-13",60
"3-23",60
"23-59",60
"9-80",60
"75-91",60
"41-55",60
"9-56",60
"36-64",60
"54-75",60
"25-39",60
"92-98",60
"53-64",60
"15-53",60
"83-96",59
"56-61",59
"6-47",59
"78-89",59
"65-79",59
"20-42",59
"40-72",59
"19-96",59
"77-97",59
"4-97",59
"42-79",59
"14-45",59
"39-41",59
"76-88",59
"73-75",59
"21-53",59
"27-80",59
"6-87",59
"2-81",59
"8-39",59
"36-39",59
"71-72",59
"34-92",59
"16-61",59
"31-40",59
"16-96",59
"11-12",59
"21-42",59
"21-44",59
"15-91",59
"78-90",59
"76-98",59
"29-76",59
"11-93",59
"7-70",59
"1-81",59
"14-28",59
"1-57",59
"11-61",59
"34-88",59
"55-78",59
"44-87",59
"34-35",59
"35-48",59
"59-83",59
"57-69",59
"23-30",59
"63-82",59
"23-62",59
"12-85",59
"58-83",59
"2-67",59
"67-89",59
"31-34",59
"7-34",59
"1-74",59
"32-91",59
"31-42",59
"44-89",59
"30-85",59
"4-95",59
"78-85",59
"26-86",59
"77-96",59
"69-87",59
"12-50",59
"63-95",59
"2-6",59
"47-87",59
"47-52",59
"46-78",59
"68-83",59
"33-63",59
"12-43",59
"89-96",59
"34-56",59
"55-60",59
"2-18",59
"95-100",59
"76-99",59
"64-83",59
"33-53",59
"51-99",59
"14-98",59
"37-73",59
"3-87",59
"20-47",59
"10-20",59
"87-90",59
"10-28",59
"28-47",59
"8-22",59
"40-75",59
"40-61",59
"77-99",59
"7-25",59
"17-60",59
"65-69",59
"20-41",59
"34-72",59
"7-51",59
"35-39",59
"29-94",59
"29-73",59
"66-99",59
"15-19",59
"44-52",59
"74-92",59
"5-54",59
"16-66",59
"27-42",59
"13-84",59
"2-84",59
"72-92",59
"52-89",59
"28-44",59
"13-79",59
"27-65",59
"51-81",59
"38-87",59
"55-56",59
"18-92",59
"9-42",59
"83-85",59
"24-85",59
"40-85",59
"41-86",59
"2-93",59
"3-5",59
"35-47",59
"27-90",59
"60-65",59
"85-90",59
"47-92",59
"10-70",59
"16-40",59
"51-95",59
"49-71",59
"19-67",59
"21-97",59
"54-98",59
"17-92",59
"9-62",59
"43-66",59
"27-84",59
"75-94",59
"9-22",59
"1-33",59
"40-57",59
"35-100",59
"26-100",59
"4-7",59
"4-36",59
"42-47",59
"41-70",59
"2-5",59
"16-44",59
"19-22",59
"34-42",59
"64-89",59
"24-42",59
"39-99",59
"13-87",59
"64-82",59
"37-49",59
"27-95",59
"19-85",59
"20-84",59
"5-71",59
"7-26",59
"13-98",59
"30-98",59
"80-99",59
"40-52",59
"64-79",59
"7-60",59
"42-67",59
"49-68",59
"41-60",59
"17-21",59
"50-70",59
"9-29",59
"96-98",59
"14-44",59
"3-15",59
"8-94",59
"27-48",59
"78-92",59
"43-64",59
"39-94",59
"36-87",59
"70-96",58
"70-94",58
"65-83",58
"52-81",58
"61-90",58
"6-18",58
"70-75",58
"87-89",58
"36-79",58
"80-100",58
"4-90",58
"33-47",58
"82-86",58
"9-70",58
"2-9",58
"24-55",58
"24-26",58
"4-56",58
"30-62",58
"57-98",58
"9-100",58
"6-28",58
"24-88",58
"36-62",58
"8-60",58
"19-60",58
"35-58",58
"3-58",58
"19-75",58
"34-50",58
"49-94",58
"49-77",58
"54-83",58
"46-54",58
"1-3",58
"74-86",58
"44-62",58
"9-47",58
"9-58",58
"27-89",58
"20-31",58
"56-72",58
"63-90",58
"61-73",58
"33-38",58
"1-96",58
"96-97",58
"17-40",58
"79-98",58
"5-34",58
"1-64",58
"29-48",58
"15-84",58
"4-76",58
"39-78",58
"76-92",58
"8-44",58
"19-99",58
"33-61",58
"11-88",58
"23-88",58
"31-37",58
"41-53",58
"24-58",58
"14-92",58
"14-34",58
"50-57",58
"68-73",58
"63-85",58
"6-69",58
"50-52",58
"21-50",58
"79-87",58
"37-97",58
"86-87",58
"2-78",58
"29-30",58
"52-91",58
"59-99",58
"13-71",58
"28-35",58
"71-81",58
"6-7",58
"15-32",58
"63-81",58
"8-67",58
"11-14",58
"11-54",58
"71-88",58
"19-93",58
"21-52",58
"19-65",58
"39-71",58
"21-91",58
"57-87",58
"46-87",58
"18-99",58
"34-62",58
"78-100",58
"19-77",58
"77-86",58
"14-37",58
"52-88",58
"61-72",58
"16-90",58
"17-23",58
"4-22",58
"17-76",58
"80-82",58
"61-87",58
"32-51",58
"14-62",58
"7-35",58
"46-66",58
"11-16",58
"34-84",58
"5-85",58
"5-10",58
"29-70",58
"26-66",58
"28-92",58
"50-54",58
"39-61",58
"3-99",58
"50-61",58
"59-60",58
"13-96",58
"26-94",58
"26-84",58
"31-56",58
"27-66",58
"27-79",58
"30-79",58
"26-71",58
"1-23",58
"56-57",58
"4-38",58
"76-86",58
"6-86",58
"9-36",58
"35-49",58
"63-65",58
"57-73",58
"58-80",58
"41-84",58
"58-92",58
"50-73",58
"19-94",58
"11-42",58
"14-66",58
"63-72",58
"27-87",58
"17-31",58
"8-31",58
"24-47",58
"61-84",58
"5-48",58
"32-71",58
"6-77",58
"76-94",58
"33-76",58
"67-80",58
"23-79",58
"71-96",58
"29-57",58
"74-78",58
"10-93",58
"19-28",58
"7-80",58
"35-59",58
"41-54",58
"12-17",58
"23-46",58
"74-76",58
"3-64",58
"94-96",57
"83-94",57
"8-81",57
"74-90",57
"16-53",57
"18-50",57
"8-84",57
"11-100",57
"48-100",57
"36-49",57
"39-57",57
"12-19",57
"45-51",57
"10-50",57
"45-59",57
"27-55",57
"52-56",57
"1-35",57
"2-19",57
"2-40",57
"21-61",57
"30-36",57
"21-84",57
"32-47",57
"17-97",57
"41-64",57
"64-65",57
"67-87",57
"87-88",57
"82-88",57
"43-78",57
"50-92",57
"52-71",57
"31-54",57
"40-54",57
"27-75",57
"53-72",57
"1-15",57
"57-97",57
"61-91",57
"21-25",57
"12-69",57
"82-99",57
"88-98",57
"59-82",57
"44-59",57
"12-39",57
"18-97",57
"12-18",57
"3-13",57
"1-63",57
"8-76",57
"83-95",57
"43-56",57
"51-61",57
"61-80",57
"30-88",57
"10-22",57
"41-58",57
"56-93",57
"23-99",57
"62-99",57
"20-99",57
"66-85",57
"60-86",57
"67-86",57
"7-43",57
"7-61",57
"1-7",57
"61-66",57
"53-69",57
"40-95",57
"10-13",57
"33-95",57
"21-67",57
"13-61",57
"33-72",57
"4-5",57
"54-58",57
"47-54",57
"14-39",57
"36-98",57
"45-53",57
"36-91",57
"31-52",57
"4-30",57
"17-95",57
"73-97",57
"5-86",57
"12-86",57
"23-55",57
"43-93",57
"50-97",57
"10-19",57
"63-100",57
"2-11",57
"18-69",57
"1-19",57
"83-90",57
"12-48",57
"92-95",57
"42-91",57
"62-98",57
"14-84",57
"8-79",57
"37-43",57
"6-36",57
"10-100",57
"7-55",57
"64-86",57
"20-57",57
"10-35",57
"10-46",57
"25-95",57
"58-67",57
"14-19",57
"11-46",57
"38-78",57
"38-46",57
"20-51",57
"62-73",57
"3-89",57
"88-99",57
"39-44",57
"30-95",57
"52-98",57
"16-52",57
"91-97",57
"43-99",57
"70-86",57
"57-60",57
"22-78",57
"46-85",57
"18-45",57
"19-26",57
"4-19",57
"9-33",57
"10-41",57
"77-88",57
"3-49",57
"88-93",57
"33-93",57
"21-95",57
"5-92",57
"51-66",57
"54-79",57
"41-79",57
"66-93",57
"2-97",57
"43-70",57
"5-24",57
"58-63",57
"25-70",57
"18-34",57
"5-68",57
"8-58",57
"3-57",57
"45-83",57
"53-93",57
"20-87",57
"25-57",57
"6-64",57
"36-44",57
"21-32",57
"44-86",57
"94-97",57
"11-59",57
"8-20",57
"32-35",57
"4-64",57
"54-100",57
"4-92",57
"36-86",56
"45-61",56
"65-89",56
"52-92",56
"82-92",56
"32-93",56
"78-87",56
"18-72",56
"19-88",56
"11-53",56
"3-97",56
"33-59",56
"33-36",56
"33-84",56
"32-62",56
"62-90",56
"32-90",56
"78-88",56
"11-86",56
"2-45",56
"7-21",56
"19-40",56
"12-49",56
"10-11",56
"44-55",56
"56-67",56
"88-91",56
"39-46",56
"45-82",56
"46-76",56
"79-86",56
"13-69",56
"1-61",56
"6-72",56
"5-19",56
"6-19",56
"19-42",56
"11-74",56
"78-98",56
"68-93",56
"24-91",56
"10-36",56
"70-73",56
"13-37",56
"4-87",56
"78-94",56
"44-67",56
"1-45",56
"69-97",56
"33-51",56
"58-95",56
"49-58",56
"9-61",56
"28-95",56
"13-60",56
"6-31",56
"54-61",56
"9-39",56
"35-96",56
"6-100",56
"15-61",56
"4-26",56
"48-76",56
"17-37",56
"82-97",56
"2-41",56
"18-55",56
"82-87",56
"35-53",56
"18-25",56
"63-64",56
"9-23",56
"53-54",56
"60-80",56
"4-61",56
"3-62",56
"9-84",56
"45-77",56
"12-37",56
"14-51",56
"53-59",56
"25-87",56
"6-96",56
"60-77",56
"30-61",56
"56-98",56
"23-60",56
"1-46",56
"44-58",56
"75-99",56
"15-64",56
"18-53",56
"52-67",56
"62-67",56
"12-56",56
"17-83",56
"51-58",56
"33-62",56
"10-95",56
"4-69",56
"3-95",56
"22-54",56
"69-83",56
"28-85",56
"2-85",56
"31-33",56
"24-30",56
"16-63",56
"20-21",56
"9-20",56
"24-53",56
"54-55",56
"77-92",56
"1-43",56
"75-90",56
"50-75",56
"9-85",56
"9-68",56
"61-97",56
"77-91",56
"54-91",56
"23-87",56
"34-79",56
"33-96",56
"42-75",56
"84-94",56
"26-62",56
"6-41",56
"58-76",56
"44-99",56
"34-90",56
"4-46",56
"47-63",56
"20-36",56
"8-98",56
"34-39",56
"37-61",56
"5-43",56
"21-64",56
"33-40",56
"47-61",56
"85-86",56
"27-98",56
"75-77",56
"1-12",56
"29-34",56
"25-98",56
"15-77",56
"24-70",56
"1-34",56
"24-75",56
"46-68",56
"53-70",56
"32-61",56
"28-83",56
"15-58",56
"65-70",55
"36-100",55
"61-71",55
"42-99",55
"17-99",55
"43-47",55
"8-65",55
"6-8",55
"59-84",55
"17-70",55
"12-87",55
"53-56",55
"47-90",55
"3-4",55
"79-100",55
"20-37",55
"70-72",55
"32-81",55
"47-86",55
"9-31",55
"71-92",55
"45-94",55
"24-46",55
"40-76",55
"4-58",55
"20-56",55
"35-52",55
"19-73",55
"53-61",55
"15-27",55
"21-22",55
"6-67",55
"50-62",55
"35-60",55
"3-35",55
"16-77",55
"11-85",55
"1-71",55
"21-69",55
"10-38",55
"39-69",55
"38-39",55
"53-62",55
"6-15",55
"29-64",55
"14-61",55
"14-91",55
"91-94",55
"15-65",55
"20-55",55
"76-90",55
"6-90",55
"50-51",55
"59-61",55
"28-99",55
"84-90",55
"15-73",55
"54-97",55
"27-61",55
"39-97",55
"18-37",55
"48-55",55
"44-82",55
"13-88",55
"4-40",55
"52-78",55
"1-68",55
"36-70",55
"48-51",55
"98-100",55
"10-23",55
"20-82",55
"20-62",55
"46-57",55
"8-49",55
"32-97",55
"85-89",55
"12-41",55
"9-69",55
"9-90",55
"45-55",55
"13-54",55
"13-57",55
"5-87",55
"39-42",55
"19-48",55
"58-97",55
"14-67",55
"63-70",55
"75-78",55
"34-91",55
"36-55",55
"30-52",55
"53-55",55
"33-98",55
"43-81",55
"2-77",55
"16-35",55
"47-76",55
"44-64",55
"29-56",55
"8-53",55
"3-17",55
"38-57",55
"2-99",55
"38-53",55
"32-34",55
"32-99",55
"11-67",55
"82-98",55
"19-23",55
"37-48",55
"34-95",55
"20-66",55
"56-75",55
"18-62",55
"46-51",55
"5-40",55
"86-88",55
"19-61",55
"60-61",55
"30-49",55
"31-45",55
"31-77",55
"91-93",55
"56-94",55
"61-92",55
"37-55",55
"12-79",55
"54-87",55
"2-87",55
"54-93",55
"2-37",55
"6-23",55
"15-93",55
"1-55",55
"33-97",55
"19-68",55
"27-30",55
"40-93",55
"38-83",55
"53-82",55
"14-35",55
"3-91",55
"12-22",55
"75-84",55
"48-71",55
"4-66",55
"41-76",55
"24-87",55
"9-43",55
"57-90",55
"29-41",55
"43-57",55
"30-59",55
"37-59",55
"47-64",55
"46-53",55
"11-57",55
"1-6",55
"11-90",55
"43-61",55
"25-74",54
"86-100",54
"59-80",54
"14-81",54
"33-69",54
"36-59",54
"36-89",54
"9-48",54
"4-84",54
"4-96",54
"17-24",54
"4-16",54
"18-52",54
"17-64",54
"9-65",54
"71-85",54
"72-78",54
"60-69",54
"10-57",54
"46-63",54
"10-69",54
"65-91",54
"55-95",54
"70-76",54
"14-30",54
"8-87",54
"1-80",54
"34-40",54
"12-52",54
"57-68",54
"38-44",54
"80-83",54
"53-78",54
"15-43",54
"43-60",54
"36-50",54
"74-77",54
"18-95",54
"67-96",54
"67-77",54
"50-87",54
"21-45",54
"5-51",54
"19-89",54
"42-46",54
"21-47",54
"58-59",54
"83-86",54
"59-98",54
"45-63",54
"19-91",54
"55-93",54
"11-87",54
"38-82",54
"4-74",54
"35-46",54
"34-43",54
"3-32",54
"12-31",54
"22-99",54
"30-46",54
"30-42",54
"41-68",54
"23-82",54
"44-65",54
"44-93",54
"41-56",54
"28-78",54
"7-84",54
"6-61",54
"3-98",54
"59-97",54
"22-83",54
"19-54",54
"31-100",54
"41-44",54
"39-100",54
"85-94",54
"42-87",54
"14-65",54
"75-92",54
"4-98",54
"70-85",54
"33-34",54
"83-89",54
"75-76",54
"28-94",54
"35-50",54
"62-78",54
"68-84",54
"46-84",54
"58-64",54
"89-93",54
"47-55",54
"51-63",54
"51-74",54
"38-43",54
"6-10",54
"20-64",54
"68-95",54
"48-57",54
"32-45",54
"3-39",54
"64-85",54
"1-4",54
"12-68",54
"46-97",54
"45-78",54
"41-69",54
"5-99",54
"14-50",54
"87-98",54
"69-73",54
"42-48",54
"25-99",53
"76-95",53
"29-84",53
"31-92",53
"77-100",53
"4-47",53
"33-100",53
"32-70",53
"67-82",53
"57-67",53
"39-67",53
"16-45",53
"37-81",53
"9-10",53
"40-74",53
"19-98",53
"77-94",53
"13-94",53
"58-70",53
"38-86",53
"21-86",53
"53-89",53
"21-33",53
"76-96",53
"61-82",53
"14-15",53
"33-73",53
"14-43",53
"34-81",53
"43-48",53
"4-44",53
"45-67",53
"67-97",53
"43-95",53
"16-19",53
"10-37",53
"33-66",53
"12-45",53
"68-86",53
"67-68",53
"6-54",53
"7-74",53
"1-9",53
"14-68",53
"4-48",53
"50-69",53
"2-53",53
"17-50",53
"27-88",53
"34-63",53
"7-19",53
"11-24",53
"30-87",53
"84-85",53
"44-47",53
"16-54",53
"48-64",53
"24-44",53
"39-53",53
"34-86",53
"45-86",53
"17-73",53
"4-17",53
"38-58",53
"93-98",53
"54-99",53
"4-62",53
"20-59",53
"18-70",53
"5-70",53
"26-37",53
"19-20",53
"44-54",53
"17-48",53
"85-98",53
"85-100",53
"40-82",53
"4-13",53
"20-88",53
"17-86",53
"5-59",53
"38-52",53
"46-61",53
"40-80",53
"19-24",53
"45-70",53
"20-45",53
"50-86",53
"7-33",53
"11-83",53
"6-92",53
"54-74",53
"52-87",53
"39-95",53
"23-73",53
"79-85",53
"37-82",53
"45-54",53
"15-16",53
"2-95",53
"1-17",53
"47-62",53
"68-71",53
"69-77",53
"49-52",53
"44-71",53
"48-70",53
"43-52",53
"51-82",53
"29-53",53
"22-77",53
"15-92",53
"37-98",53
"4-14",53
"15-20",53
"32-84",53
"10-52",53
"27-81",52
"26-92",52
"65-92",52
"29-80",52
"29-32",52
"12-78",52
"3-55",52
"47-56",52
"27-86",52
"18-56",52
"10-65",52
"12-96",52
"24-39",52
"1-36",52
"3-19",52
"35-51",52
"12-46",52
"61-95",52
"3-16",52
"55-76",52
"7-30",52
"32-64",52
"48-82",52
"40-87",52
"32-89",52
"81-95",52
"19-81",52
"63-77",52
"69-98",52
"23-96",52
"42-68",52
"81-99",52
"31-32",52
"4-79",52
"19-37",52
"6-73",52
"25-90",52
"36-92",52
"4-31",52
"21-94",52
"61-96",52
"1-37",52
"26-64",52
"21-51",52
"49-50",52
"21-68",52
"4-23",52
"34-77",52
"15-59",52
"51-65",52
"23-98",52
"23-45",52
"27-64",52
"59-68",52
"13-90",52
"86-95",52
"19-70",52
"42-66",52
"1-89",52
"85-87",52
"88-89",52
"26-88",52
"37-39",52
"86-99",52
"22-45",52
"41-99",52
"67-99",52
"51-100",52
"62-77",52
"68-78",52
"32-86",52
"47-73",52
"36-56",52
"3-31",52
"37-38",52
"58-74",52
"5-45",52
"1-75",52
"31-39",52
"27-78",52
"70-91",52
"44-51",52
"88-100",52
"9-63",52
"32-67",52
"22-64",52
"36-61",52
"3-28",52
"84-92",51
"69-80",51
"12-70",51
"53-76",51
"21-100",51
"56-84",51
"32-69",51
"74-82",51
"21-88",51
"16-56",51
"1-56",51
"18-35",51
"6-88",51
"67-88",51
"19-58",51
"6-44",51
"6-46",51
"57-62",51
"28-74",51
"51-76",51
"30-40",51
"45-97",51
"11-37",51
"84-86",51
"24-68",51
"8-97",51
"32-76",51
"52-70",51
"37-95",51
"65-87",51
"55-97",51
"1-53",51
"11-92",51
"23-53",51
"36-48",51
"37-56",51
"21-62",51
"61-62",51
"84-99",51
"6-27",51
"25-58",51
"19-39",51
"6-85",51
"53-85",51
"24-76",51
"23-54",51
"25-44",51
"42-89",51
"67-78",51
"58-62",51
"37-70",51
"7-90",51
"6-37",51
"22-86",51
"53-68",51
"44-94",51
"64-84",51
"1-78",51
"46-94",51
"16-39",51
"21-57",51
"40-84",50
"50-84",50
"77-84",50
"20-79",50
"16-51",50
"81-89",50
"16-27",50
"49-61",50
"11-52",50
"16-38",50
"11-38",50
"9-53",50
"48-74",50
"51-90",50
"29-88",50
"1-59",50
"84-91",50
"36-40",50
"38-80",50
"3-72",50
"4-52",50
"36-69",50
"37-88",50
"23-58",50
"19-41",50
"1-41",50
"53-57",50
"27-45",50
"7-29",50
"15-31",50
"52-99",50
"8-71",50
"22-98",50
"6-63",50
"12-26",50
"57-78",50
"35-57",50
"27-67",50
"40-53",50
"80-85",50
"4-6",50
"31-62",50
"66-88",50
"2-52",50
"58-61",50
"39-70",50
"46-70",50
"45-57",50
"58-87",50
"48-78",50
"15-34",50
"66-70",50
"45-95",50
"21-23",50
"17-54",50
"79-82",50
"67-74",50
"44-95",50
"74-87",50
"87-94",50
"4-85",50
"88-96",49
"46-62",49
"5-6",49
"24-90",49
"12-34",49
"8-64",49
"44-88",49
"93-94",49
"35-78",49
"19-47",49
"59-86",49
"4-99",49
"12-76",49
"2-54",49
"9-18",49
"68-81",49
"38-61",49
"23-93",49
"6-74",49
"17-51",49
"31-41",49
"9-78",49
"36-85",49
"35-67",49
"49-67",49
"26-87",49
"3-84",49
"20-48",49
"37-77",49
"30-67",49
"28-41",49
"36-74",48
"69-84",48
"9-98",48
"46-82",48
"10-61",48
"38-89",48
"19-53",48
"76-78",48
"70-93",48
"43-55",48
"36-97",48
"19-36",48
"12-33",48
"61-74",48
"14-42",48
"78-84",48
"19-52",48
"3-53",48
"20-53",48
"84-88",48
"37-84",48
"32-52",48
"40-90",48
"78-79",48
"34-61",48
"70-95",48
"4-86",48
"78-99",48
"63-78",48
"57-74",48
"55-91",48
"47-51",48
"2-64",48
"58-90",48
"15-47",48
"21-27",48
"27-77",48
"5-98",48
"6-83",47
"11-44",47
"10-40",47
"28-86",47
"56-60",47
"59-78",47
"19-29",47
"9-91",47
"4-12",47
"2-61",47
"22-74",47
"37-78",47
"35-99",47
"23-77",47
"17-78",47
"37-64",47
"44-75",47
"24-59",46
"46-60",46
"54-76",46
"53-90",46
"1-48",46
"20-74",46
"17-33",46
"19-34",46
"59-77",46
"62-85",46
"62-64",46
"17-93",46
"19-100",46
"11-55",46
"51-89",46
"3-59",46
"68-69",46
"78-91",45
"19-66",45
"49-57",45
"6-78",45
"11-81",45
"41-78",45
"18-19",45
"11-78",45
"65-86",45
"4-41",45
"19-78",45
"37-92",45
"43-84",44
"50-78",44
"80-87",44
"70-98",44
"39-74",44
"1-86",44
"6-70",44
"4-83",44
"51-77",44
"84-98",43
"9-34",43
"33-58",43
"10-98",43
"37-47",42
"14-69",42
"8-78",41
"1-44",41
"70-100",41
"61-64",41
"32-77",41
"19-87",40
"54-70",39
"84-89",33
